Value,Count,Class_name,Area_km2
1,799896.000000000000000,Vegetation,719.906399999999962
2,298650.000000000000000,Water body,268.785000000000025
3,453859.000000000000000,Built up/Bareland,408.473099999999988
