Value,Count,Class_name,Area_km2
1,939354.000000000000000,Vegetation,845.418599999999969
2,378468.000000000000000,Water body,340.621199999999988
3,228922.000000000000000,Built up/Bareland,206.029799999999994
