Value,Count,Class_name,Area_km2
1,874845.000000000000000,Vegetation,787.360500000000002
2,330649.000000000000000,Water body,297.584099999999978
3,328101.000000000000000,Built up/Bareland,295.290900000000022
